employee_id,home_area,area_type,latitude,longitude
EMP0001,Quickborn,suburban,53.751563,9.917675
EMP0002,Hamburg-Wandsbek,urban,53.595413,10.104764
EMP0003,Henstedt-Ulzburg,outer_suburban,53.771968,9.948691
EMP0004,Pinneberg,suburban,53.679197,9.780776
EMP0005,Norderstedt,near_workplace,53.703351,9.954122
EMP0006,Bad Oldesloe,regional,53.79417,10.329115
EMP0007,Quickborn,suburban,53.694388,9.912103
EMP0008,Ahrensburg,suburban,53.665611,10.26406
EMP0009,Norderstedt,near_workplace,53.692529,9.944622
EMP0010,Hamburg-Wandsbek,urban,53.612544,10.096032
EMP0011,Hamburg-Eimsbuettel,urban,53.595705,9.92775
EMP0012,Elmshorn,outer_suburban,53.786794,9.650143
EMP0013,Pinneberg,suburban,53.647052,9.767232
EMP0014,Ahrensburg,suburban,53.698216,10.226591
EMP0015,Hamburg-Wandsbek,urban,53.581237,10.035248
EMP0016,Hamburg-City,urban,53.522804,9.974211
EMP0017,Hamburg-Barmbek,urban,53.559016,10.041161
EMP0018,Norderstedt,near_workplace,53.681659,10.018781
EMP0019,Ahrensburg,suburban,53.660799,10.276565
EMP0020,Hamburg-Harburg,outer_urban,53.445143,9.992871
EMP0021,Quickborn,suburban,53.753686,9.929119
EMP0022,Hamburg-Eimsbuettel,urban,53.560039,9.920661
EMP0023,Bad Oldesloe,regional,53.833988,10.37886
EMP0024,Kaltenkirchen,outer_suburban,53.849798,10.025751
EMP0025,Quickborn,suburban,53.740463,9.878766
EMP0026,Hamburg-City,urban,53.544703,9.974726
EMP0027,Hamburg-Wandsbek,urban,53.58066,10.111202
EMP0028,Norderstedt,near_workplace,53.700812,10.043904
EMP0029,Norderstedt,near_workplace,53.72071,9.980367
EMP0030,Pinneberg,suburban,53.626227,9.784028
EMP0031,Quickborn,suburban,53.755924,9.888131
EMP0032,Bad Oldesloe,regional,53.809971,10.428274
EMP0033,Hamburg-Altona,urban,53.534741,9.989144
EMP0034,Hamburg-Eimsbuettel,urban,53.553312,9.982414
EMP0035,Hamburg-Wandsbek,urban,53.611488,10.090279
EMP0036,Hamburg-City,urban,53.571019,9.960218
EMP0037,Norderstedt,near_workplace,53.674278,10.015319
EMP0038,Hamburg-Wandsbek,urban,53.598842,10.049099
EMP0039,Hamburg-City,urban,53.526861,9.981972
EMP0040,Pinneberg,suburban,53.643197,9.769802
EMP0041,Hamburg-Wandsbek,urban,53.584867,10.155741
EMP0042,Henstedt-Ulzburg,outer_suburban,53.827724,9.951769
EMP0043,Pinneberg,suburban,53.693664,9.790939
EMP0044,Hamburg-Altona,urban,53.552896,9.882257
EMP0045,Henstedt-Ulzburg,outer_suburban,53.760793,9.990262
EMP0046,Ahrensburg,suburban,53.676998,10.294853
EMP0047,Hamburg-Eimsbuettel,urban,53.570485,9.982644
EMP0048,Hamburg-Altona,urban,53.530211,9.915029
EMP0049,Pinneberg,suburban,53.666121,9.859622
EMP0050,Norderstedt,near_workplace,53.716447,9.975847
EMP0051,Hamburg-City,urban,53.571969,9.995358
EMP0052,Norderstedt,near_workplace,53.716709,9.941696
EMP0053,Ahrensburg,suburban,53.698027,10.285997
EMP0054,Pinneberg,suburban,53.677918,9.827397
EMP0055,Pinneberg,suburban,53.676791,9.798738
EMP0056,Ahrensburg,suburban,53.689959,10.276642
EMP0057,Hamburg-Wandsbek,urban,53.551522,10.033242
EMP0058,Hamburg-Barmbek,urban,53.597261,10.042315
EMP0059,Norderstedt,near_workplace,53.727735,10.036276
EMP0060,Norderstedt,near_workplace,53.702618,10.051788
EMP0061,Pinneberg,suburban,53.651985,9.779421
EMP0062,Hamburg-Wandsbek,urban,53.592675,10.055624
EMP0063,Hamburg-Barmbek,urban,53.568224,10.062253
EMP0064,Quickborn,suburban,53.69915,9.901757
EMP0065,Hamburg-Harburg,outer_urban,53.434245,9.921297
EMP0066,Hamburg-Barmbek,urban,53.61166,10.043861
EMP0067,Hamburg-Barmbek,urban,53.61123,10.06952
EMP0068,Hamburg-Altona,urban,53.570114,9.93
EMP0069,Norderstedt,near_workplace,53.684208,10.004576
EMP0070,Hamburg-Wandsbek,urban,53.618322,10.103052
EMP0071,Hamburg-City,urban,53.531765,10.036573
EMP0072,Hamburg-Eimsbuettel,urban,53.588498,9.914642
EMP0073,Henstedt-Ulzburg,outer_suburban,53.768879,10.00562
EMP0074,Hamburg-City,urban,53.550861,9.939402
EMP0075,Norderstedt,near_workplace,53.672997,9.998159
EMP0076,Hamburg-Altona,urban,53.570891,9.979695
EMP0077,Hamburg-Altona,urban,53.561623,9.948493
EMP0078,Pinneberg,suburban,53.648703,9.795249
EMP0079,Hamburg-Barmbek,urban,53.589679,10.044394
EMP0080,Ahrensburg,suburban,53.642138,10.263464
EMP0081,Pinneberg,suburban,53.69096,9.810998
EMP0082,Hamburg-Eimsbuettel,urban,53.580132,9.936992
EMP0083,Ahrensburg,suburban,53.697704,10.290625
EMP0084,Hamburg-City,urban,53.562832,9.953789
EMP0085,Norderstedt,near_workplace,53.711623,9.978184
EMP0086,Norderstedt,near_workplace,53.682604,10.027185
EMP0087,Quickborn,suburban,53.727537,9.954776
EMP0088,Hamburg-Wandsbek,urban,53.544296,10.081575
EMP0089,Hamburg-City,urban,53.529778,10.001798
EMP0090,Hamburg-Wandsbek,urban,53.587256,10.11729
EMP0091,Norderstedt,near_workplace,53.707116,9.974007
EMP0092,Pinneberg,suburban,53.673598,9.813774
EMP0093,Hamburg-Wandsbek,urban,53.601774,10.144705
EMP0094,Hamburg-Eimsbuettel,urban,53.549188,9.987963
EMP0095,Hamburg-Altona,urban,53.56896,9.972228
EMP0096,Hamburg-Harburg,outer_urban,53.433217,9.998014
EMP0097,Hamburg-Eimsbuettel,urban,53.596434,9.919431
EMP0098,Norderstedt,near_workplace,53.718023,9.97587
EMP0099,Norderstedt,near_workplace,53.712326,10.043484
EMP0100,Bad Oldesloe,regional,53.802552,10.431087
EMP0101,Kaltenkirchen,outer_suburban,53.806436,9.939035
EMP0102,Pinneberg,suburban,53.675189,9.748214
EMP0103,Hamburg-Altona,urban,53.557903,9.937242
EMP0104,Bad Oldesloe,regional,53.788295,10.345482
EMP0105,Quickborn,suburban,53.727509,9.941332
EMP0106,Quickborn,suburban,53.730628,9.846688
EMP0107,Hamburg-Wandsbek,urban,53.55738,10.065624
EMP0108,Hamburg-Altona,urban,53.546624,9.978449
EMP0109,Norderstedt,near_workplace,53.69629,10.036993
EMP0110,Kaltenkirchen,outer_suburban,53.831851,9.944424
EMP0111,Hamburg-Wandsbek,urban,53.604053,10.083534
EMP0112,Hamburg-City,urban,53.573936,9.963695
EMP0113,Hamburg-Altona,urban,53.566012,9.985487
EMP0114,Hamburg-Barmbek,urban,53.56763,10.050878
EMP0115,Hamburg-City,urban,53.559178,9.987871
EMP0116,Henstedt-Ulzburg,outer_suburban,53.798483,10.040969
EMP0117,Quickborn,suburban,53.738977,9.949295
EMP0118,Quickborn,suburban,53.731538,9.920695
EMP0119,Hamburg-Wandsbek,urban,53.591119,10.130843
EMP0120,Hamburg-Harburg,outer_urban,53.4674,10.00783
EMP0121,Hamburg-Barmbek,urban,53.600401,10.020866
EMP0122,Pinneberg,suburban,53.65289,9.811344
EMP0123,Norderstedt,near_workplace,53.695417,10.019466
EMP0124,Hamburg-Eimsbuettel,urban,53.563417,9.941103
EMP0125,Norderstedt,near_workplace,53.733543,9.95712
EMP0126,Hamburg-Wandsbek,urban,53.595252,10.097895
EMP0127,Hamburg-Altona,urban,53.571238,9.966646
EMP0128,Norderstedt,near_workplace,53.730969,10.033981
EMP0129,Norderstedt,near_workplace,53.707876,9.939897
EMP0130,Hamburg-Barmbek,urban,53.557942,10.035355
EMP0131,Hamburg-City,urban,53.573054,10.004228
EMP0132,Elmshorn,outer_suburban,53.734344,9.71934
EMP0133,Hamburg-Barmbek,urban,53.563926,10.021851
EMP0134,Hamburg-Eimsbuettel,urban,53.589369,10.002589
EMP0135,Hamburg-Harburg,outer_urban,53.428352,9.983454
EMP0136,Norderstedt,near_workplace,53.728864,9.988166
EMP0137,Elmshorn,outer_suburban,53.726451,9.687972
EMP0138,Hamburg-Wandsbek,urban,53.600999,10.11428
EMP0139,Ahrensburg,suburban,53.679551,10.260609
EMP0140,Norderstedt,near_workplace,53.725443,9.960166
EMP0141,Hamburg-Wandsbek,urban,53.56513,10.120931
EMP0142,Hamburg-Wandsbek,urban,53.550724,10.108484
EMP0143,Elmshorn,outer_suburban,53.79298,9.620326
EMP0144,Hamburg-Barmbek,urban,53.574951,10.063209
EMP0145,Hamburg-Wandsbek,urban,53.550947,10.100612
EMP0146,Hamburg-Altona,urban,53.521589,9.946697
EMP0147,Hamburg-Altona,urban,53.530773,9.923487
EMP0148,Hamburg-Barmbek,urban,53.578021,10.070949
EMP0149,Hamburg-Wandsbek,urban,53.598505,10.100622
EMP0150,Norderstedt,near_workplace,53.703221,9.957565
EMP0151,Ahrensburg,suburban,53.68172,10.290068
EMP0152,Kaltenkirchen,outer_suburban,53.837795,9.923293
EMP0153,Norderstedt,near_workplace,53.723103,9.943061
EMP0154,Hamburg-Barmbek,urban,53.567891,10.019041
EMP0155,Norderstedt,near_workplace,53.740146,10.014202
EMP0156,Pinneberg,suburban,53.628591,9.84012
EMP0157,Hamburg-Altona,urban,53.547846,9.933037
EMP0158,Pinneberg,suburban,53.691465,9.812533
EMP0159,Quickborn,suburban,53.723579,9.898193
EMP0160,Quickborn,suburban,53.727633,9.845818
EMP0161,Norderstedt,near_workplace,53.682413,9.995935
EMP0162,Kaltenkirchen,outer_suburban,53.876928,9.964328
EMP0163,Hamburg-City,urban,53.534693,10.043403
EMP0164,Norderstedt,near_workplace,53.68808,10.027753
EMP0165,Hamburg-Barmbek,urban,53.587389,10.065114
EMP0166,Hamburg-Eimsbuettel,urban,53.577863,9.919536
EMP0167,Ahrensburg,suburban,53.636209,10.224718
EMP0168,Ahrensburg,suburban,53.711523,10.225639
EMP0169,Hamburg-Altona,urban,53.560613,9.978211
EMP0170,Elmshorn,outer_suburban,53.773873,9.620693
EMP0171,Hamburg-Altona,urban,53.576121,9.967412
EMP0172,Hamburg-Wandsbek,urban,53.549681,10.089817
EMP0173,Hamburg-City,urban,53.579004,9.988408
EMP0174,Elmshorn,outer_suburban,53.729589,9.674044
EMP0175,Hamburg-City,urban,53.540325,10.004027
EMP0176,Norderstedt,near_workplace,53.716152,9.941466
EMP0177,Hamburg-Wandsbek,urban,53.577976,10.124149
EMP0178,Lueneburg,regional,53.251911,10.405724
EMP0179,Kaltenkirchen,outer_suburban,53.80658,9.955337
EMP0180,Quickborn,suburban,53.723649,9.8791
EMP0181,Kaltenkirchen,outer_suburban,53.823427,9.92118
EMP0182,Kaltenkirchen,outer_suburban,53.830375,9.951627
EMP0183,Hamburg-Wandsbek,urban,53.551684,10.09636
EMP0184,Hamburg-Altona,urban,53.552993,9.957097
EMP0185,Quickborn,suburban,53.73697,9.935096
EMP0186,Pinneberg,suburban,53.691381,9.837051
EMP0187,Hamburg-Eimsbuettel,urban,53.550944,9.983348
EMP0188,Norderstedt,near_workplace,53.717107,9.992231
EMP0189,Quickborn,suburban,53.709514,9.85565
EMP0190,Hamburg-Altona,urban,53.534306,9.905326
EMP0191,Elmshorn,outer_suburban,53.746253,9.659058
EMP0192,Hamburg-City,urban,53.516026,9.980659
EMP0193,Norderstedt,near_workplace,53.714001,9.991861
EMP0194,Henstedt-Ulzburg,outer_suburban,53.784216,9.943717
EMP0195,Norderstedt,near_workplace,53.713276,9.987597
EMP0196,Hamburg-City,urban,53.581437,9.971935
EMP0197,Hamburg-Harburg,outer_urban,53.468149,9.995454
EMP0198,Henstedt-Ulzburg,outer_suburban,53.800021,9.958069
EMP0199,Hamburg-City,urban,53.517441,9.981074
EMP0200,Hamburg-Altona,urban,53.529297,9.91928
EMP0201,Quickborn,suburban,53.720482,9.907182
EMP0202,Bad Oldesloe,regional,53.833162,10.366535
EMP0203,Hamburg-Wandsbek,urban,53.592258,10.120972
EMP0204,Norderstedt,near_workplace,53.717789,9.99085
EMP0205,Norderstedt,near_workplace,53.727377,9.957073
EMP0206,Hamburg-City,urban,53.568254,9.941195
EMP0207,Norderstedt,near_workplace,53.726153,9.945507
EMP0208,Pinneberg,suburban,53.68426,9.842675
EMP0209,Norderstedt,near_workplace,53.68152,9.982295
EMP0210,Hamburg-Wandsbek,urban,53.619047,10.038924
EMP0211,Pinneberg,suburban,53.651112,9.753359
EMP0212,Hamburg-Barmbek,urban,53.570132,10.052932
EMP0213,Hamburg-City,urban,53.536554,10.022699
EMP0214,Ahrensburg,suburban,53.684535,10.25018
EMP0215,Quickborn,suburban,53.733491,9.862032
EMP0216,Quickborn,suburban,53.754564,9.881893
EMP0217,Norderstedt,near_workplace,53.720955,10.000297
EMP0218,Norderstedt,near_workplace,53.716755,10.052835
EMP0219,Elmshorn,outer_suburban,53.76032,9.706659
EMP0220,Hamburg-Eimsbuettel,urban,53.603097,9.936009
EMP0221,Hamburg-Altona,urban,53.550684,9.948393
EMP0222,Hamburg-Wandsbek,urban,53.589754,10.098998
EMP0223,Pinneberg,suburban,53.669332,9.847549
EMP0224,Elmshorn,outer_suburban,53.782145,9.623808
EMP0225,Hamburg-Altona,urban,53.538623,9.915611
EMP0226,Elmshorn,outer_suburban,53.765064,9.596117
EMP0227,Norderstedt,near_workplace,53.73007,9.950304
EMP0228,Hamburg-Barmbek,urban,53.583524,10.057057
EMP0229,Hamburg-Harburg,outer_urban,53.464491,10.032491
EMP0230,Norderstedt,near_workplace,53.727887,9.982469
EMP0231,Norderstedt,near_workplace,53.710448,9.950623
EMP0232,Hamburg-Eimsbuettel,urban,53.581717,9.983934
EMP0233,Bad Oldesloe,regional,53.791997,10.327781
EMP0234,Hamburg-Harburg,outer_urban,53.440245,9.997418
EMP0235,Elmshorn,outer_suburban,53.750749,9.622179
EMP0236,Ahrensburg,suburban,53.6912,10.228504
EMP0237,Hamburg-Wandsbek,urban,53.608123,10.116718
EMP0238,Ahrensburg,suburban,53.646317,10.234022
EMP0239,Norderstedt,near_workplace,53.673866,10.018531
EMP0240,Norderstedt,near_workplace,53.682179,9.998624
EMP0241,Ahrensburg,suburban,53.665761,10.248351
EMP0242,Ahrensburg,suburban,53.658852,10.221982
EMP0243,Hamburg-City,urban,53.545828,9.983295
EMP0244,Hamburg-Barmbek,urban,53.610447,10.039755
EMP0245,Hamburg-Harburg,outer_urban,53.484753,9.951479
EMP0246,Henstedt-Ulzburg,outer_suburban,53.828945,10.009587
EMP0247,Hamburg-Harburg,outer_urban,53.436224,9.929334
EMP0248,Hamburg-Eimsbuettel,urban,53.551737,9.974999
EMP0249,Hamburg-Eimsbuettel,urban,53.589905,9.923368
EMP0250,Hamburg-Wandsbek,urban,53.562185,10.133791
EMP0251,Pinneberg,suburban,53.640265,9.739871
EMP0252,Henstedt-Ulzburg,outer_suburban,53.770773,10.020045
EMP0253,Hamburg-Wandsbek,urban,53.595489,10.033397
EMP0254,Hamburg-City,urban,53.549041,9.95272
EMP0255,Hamburg-City,urban,53.557792,10.044836
EMP0256,Quickborn,suburban,53.739908,9.921922
EMP0257,Ahrensburg,suburban,53.650505,10.19769
EMP0258,Norderstedt,near_workplace,53.721844,9.975469
EMP0259,Norderstedt,near_workplace,53.734047,10.033153
EMP0260,Hamburg-Harburg,outer_urban,53.471317,10.010752
EMP0261,Norderstedt,near_workplace,53.700268,10.037811
EMP0262,Ahrensburg,suburban,53.701198,10.199922
EMP0263,Hamburg-Altona,urban,53.54608,9.910486
EMP0264,Norderstedt,near_workplace,53.691394,10.027833
EMP0265,Elmshorn,outer_suburban,53.768151,9.684847
EMP0266,Hamburg-City,urban,53.546493,10.013902
EMP0267,Hamburg-Altona,urban,53.521237,9.919189
EMP0268,Norderstedt,near_workplace,53.729621,10.012964
EMP0269,Norderstedt,near_workplace,53.713265,9.943421
EMP0270,Norderstedt,near_workplace,53.716592,9.9576
EMP0271,Norderstedt,near_workplace,53.714584,9.968016
EMP0272,Hamburg-City,urban,53.541394,10.013244
EMP0273,Norderstedt,near_workplace,53.684905,10.002734
EMP0274,Hamburg-Harburg,outer_urban,53.462225,10.048492
EMP0275,Pinneberg,suburban,53.650732,9.831895
EMP0276,Hamburg-Eimsbuettel,urban,53.588613,9.982278
EMP0277,Hamburg-Altona,urban,53.542846,9.969836
EMP0278,Hamburg-Wandsbek,urban,53.586758,10.149329
EMP0279,Henstedt-Ulzburg,outer_suburban,53.819761,9.961091
EMP0280,Henstedt-Ulzburg,outer_suburban,53.764876,9.928444
EMP0281,Norderstedt,near_workplace,53.735225,9.994649
EMP0282,Hamburg-City,urban,53.577537,9.956784
EMP0283,Hamburg-City,urban,53.5574,9.953908
EMP0284,Hamburg-City,urban,53.555054,9.997422
EMP0285,Hamburg-Barmbek,urban,53.567058,10.049332
EMP0286,Hamburg-Eimsbuettel,urban,53.554546,9.978505
EMP0287,Norderstedt,near_workplace,53.675794,9.977074
EMP0288,Hamburg-Eimsbuettel,urban,53.586009,9.972398
EMP0289,Hamburg-Barmbek,urban,53.59675,9.996862
EMP0290,Norderstedt,near_workplace,53.740651,9.993151
EMP0291,Henstedt-Ulzburg,outer_suburban,53.810449,9.956728
EMP0292,Norderstedt,near_workplace,53.691791,10.013261
EMP0293,Elmshorn,outer_suburban,53.719733,9.607282
EMP0294,Norderstedt,near_workplace,53.691933,10.032637
EMP0295,Henstedt-Ulzburg,outer_suburban,53.785676,10.014101
EMP0296,Kaltenkirchen,outer_suburban,53.840661,9.979297
EMP0297,Bad Oldesloe,regional,53.835437,10.360349
EMP0298,Ahrensburg,suburban,53.691875,10.191218
EMP0299,Quickborn,suburban,53.734387,9.925835
EMP0300,Pinneberg,suburban,53.66692,9.766438
EMP0301,Quickborn,suburban,53.740533,9.890185
EMP0302,Norderstedt,near_workplace,53.692731,9.945628
EMP0303,Hamburg-Barmbek,urban,53.590533,10.071799
EMP0304,Hamburg-Wandsbek,urban,53.605897,10.074671
EMP0305,Henstedt-Ulzburg,outer_suburban,53.764199,10.005364
EMP0306,Hamburg-Wandsbek,urban,53.582544,10.15012
EMP0307,Hamburg-Eimsbuettel,urban,53.577054,9.924145
EMP0308,Hamburg-Harburg,outer_urban,53.470599,9.952954
EMP0309,Hamburg-Altona,urban,53.577224,9.93624
EMP0310,Norderstedt,near_workplace,53.714079,9.994555
EMP0311,Hamburg-Wandsbek,urban,53.591764,10.136067
EMP0312,Hamburg-Eimsbuettel,urban,53.57786,9.941765
EMP0313,Hamburg-City,urban,53.526461,10.025772
EMP0314,Hamburg-Eimsbuettel,urban,53.564924,9.973168
EMP0315,Hamburg-Eimsbuettel,urban,53.58118,9.98853
EMP0316,Hamburg-Altona,urban,53.516826,9.942262
EMP0317,Hamburg-Eimsbuettel,urban,53.557987,9.922108
EMP0318,Pinneberg,suburban,53.684868,9.794316
EMP0319,Hamburg-Altona,urban,53.521563,9.968257
EMP0320,Elmshorn,outer_suburban,53.754997,9.718063
EMP0321,Kaltenkirchen,outer_suburban,53.837405,9.938139
EMP0322,Hamburg-Wandsbek,urban,53.563527,10.090038
EMP0323,Hamburg-Altona,urban,53.559694,9.97295
EMP0324,Hamburg-Barmbek,urban,53.582101,10.089949
EMP0325,Henstedt-Ulzburg,outer_suburban,53.824746,9.946529
EMP0326,Pinneberg,suburban,53.656866,9.834638
EMP0327,Ahrensburg,suburban,53.674557,10.265138
EMP0328,Hamburg-Barmbek,urban,53.60776,10.032351
EMP0329,Hamburg-Harburg,outer_urban,53.466564,10.051737
EMP0330,Hamburg-Altona,urban,53.544557,9.941727
EMP0331,Quickborn,suburban,53.74414,9.943435
EMP0332,Hamburg-City,urban,53.554497,9.966435
EMP0333,Pinneberg,suburban,53.691473,9.767696
EMP0334,Henstedt-Ulzburg,outer_suburban,53.803456,9.954349
EMP0335,Norderstedt,near_workplace,53.738885,10.012703
EMP0336,Hamburg-Harburg,outer_urban,53.447828,10.0389
EMP0337,Norderstedt,near_workplace,53.707808,9.973237
EMP0338,Quickborn,suburban,53.735722,9.844094
EMP0339,Norderstedt,near_workplace,53.703758,9.954933
EMP0340,Elmshorn,outer_suburban,53.777375,9.61429
EMP0341,Norderstedt,near_workplace,53.705928,9.939883
EMP0342,Elmshorn,outer_suburban,53.753902,9.612125
EMP0343,Ahrensburg,suburban,53.68961,10.26254
EMP0344,Hamburg-Harburg,outer_urban,53.427986,9.982029
EMP0345,Ahrensburg,suburban,53.652876,10.218652
EMP0346,Ahrensburg,suburban,53.6839,10.17635
EMP0347,Elmshorn,outer_suburban,53.754795,9.718369
EMP0348,Hamburg-City,urban,53.539703,9.954247
EMP0349,Hamburg-Harburg,outer_urban,53.475132,10.045498
EMP0350,Norderstedt,near_workplace,53.736684,9.982334
EMP0351,Hamburg-Harburg,outer_urban,53.498867,9.94596
EMP0352,Hamburg-City,urban,53.53388,10.032533
EMP0353,Hamburg-Barmbek,urban,53.558099,10.052604
EMP0354,Hamburg-Barmbek,urban,53.605832,10.062962
EMP0355,Hamburg-Wandsbek,urban,53.600333,10.054802
EMP0356,Hamburg-Barmbek,urban,53.593589,10.012056
EMP0357,Quickborn,suburban,53.762605,9.894816
EMP0358,Ahrensburg,suburban,53.663725,10.296966
EMP0359,Hamburg-Wandsbek,urban,53.565094,10.133803
EMP0360,Hamburg-Harburg,outer_urban,53.437686,9.925172
EMP0361,Elmshorn,outer_suburban,53.774887,9.65847
EMP0362,Norderstedt,near_workplace,53.700589,9.9506
EMP0363,Norderstedt,near_workplace,53.698536,9.995395
EMP0364,Norderstedt,near_workplace,53.687594,10.041169
EMP0365,Pinneberg,suburban,53.684046,9.807309
EMP0366,Hamburg-Eimsbuettel,urban,53.581094,9.952453
EMP0367,Quickborn,suburban,53.728966,9.871084
EMP0368,Pinneberg,suburban,53.682421,9.755072
EMP0369,Hamburg-Altona,urban,53.56261,9.916455
EMP0370,Kaltenkirchen,outer_suburban,53.798002,9.948836
EMP0371,Quickborn,suburban,53.729468,9.931249
EMP0372,Hamburg-Altona,urban,53.584767,9.945093
EMP0373,Hamburg-Eimsbuettel,urban,53.568151,9.915494
EMP0374,Hamburg-Altona,urban,53.549009,9.890807
EMP0375,Norderstedt,near_workplace,53.68311,10.001098
EMP0376,Norderstedt,near_workplace,53.696722,9.973893
EMP0377,Elmshorn,outer_suburban,53.784953,9.608605
EMP0378,Hamburg-Wandsbek,urban,53.563236,10.130087
EMP0379,Hamburg-Eimsbuettel,urban,53.594064,9.997062
EMP0380,Quickborn,suburban,53.757357,9.868489
EMP0381,Hamburg-Barmbek,urban,53.582599,10.063
EMP0382,Elmshorn,outer_suburban,53.757215,9.6752
EMP0383,Ahrensburg,suburban,53.682886,10.252519
EMP0384,Hamburg-Wandsbek,urban,53.595533,10.081981
EMP0385,Hamburg-Eimsbuettel,urban,53.593696,9.992232
EMP0386,Lueneburg,regional,53.212292,10.381998
EMP0387,Quickborn,suburban,53.705972,9.860071
EMP0388,Elmshorn,outer_suburban,53.733012,9.610923
EMP0389,Norderstedt,near_workplace,53.70141,9.955389
EMP0390,Henstedt-Ulzburg,outer_suburban,53.773516,10.026932
EMP0391,Hamburg-Harburg,outer_urban,53.479431,10.042114
EMP0392,Norderstedt,near_workplace,53.706051,10.018801
EMP0393,Hamburg-Barmbek,urban,53.589663,10.092734
EMP0394,Pinneberg,suburban,53.642786,9.848621
EMP0395,Norderstedt,near_workplace,53.713228,9.98168
EMP0396,Hamburg-Wandsbek,urban,53.585655,10.0414
EMP0397,Ahrensburg,suburban,53.682005,10.295559
EMP0398,Hamburg-Altona,urban,53.566513,9.917312
EMP0399,Hamburg-Wandsbek,urban,53.561282,10.066178
EMP0400,Hamburg-Wandsbek,urban,53.549825,10.063284
EMP0401,Hamburg-Altona,urban,53.528113,9.904392
EMP0402,Kaltenkirchen,outer_suburban,53.861794,10.009707
EMP0403,Ahrensburg,suburban,53.659747,10.18966
EMP0404,Norderstedt,near_workplace,53.728527,10.013264
EMP0405,Lueneburg,regional,53.235844,10.425991
EMP0406,Henstedt-Ulzburg,outer_suburban,53.796167,10.033874
EMP0407,Hamburg-Altona,urban,53.549218,9.905497
EMP0408,Henstedt-Ulzburg,outer_suburban,53.806986,9.934591
EMP0409,Norderstedt,near_workplace,53.708621,9.953239
EMP0410,Lueneburg,regional,53.21154,10.4143
EMP0411,Pinneberg,suburban,53.684569,9.77802
EMP0412,Pinneberg,suburban,53.628054,9.789494
EMP0413,Norderstedt,near_workplace,53.706243,9.978731
EMP0414,Kaltenkirchen,outer_suburban,53.805892,9.956787
EMP0415,Norderstedt,near_workplace,53.729312,9.974794
EMP0416,Hamburg-City,urban,53.51645,10.005465
EMP0417,Norderstedt,near_workplace,53.692407,10.002912
EMP0418,Quickborn,suburban,53.731295,9.920388
EMP0419,Hamburg-City,urban,53.574784,9.993842
EMP0420,Kaltenkirchen,outer_suburban,53.841653,9.897101
EMP0421,Pinneberg,suburban,53.688985,9.809362
EMP0422,Norderstedt,near_workplace,53.726779,10.043697
EMP0423,Norderstedt,near_workplace,53.721155,10.036842
EMP0424,Norderstedt,near_workplace,53.693696,10.038275
EMP0425,Hamburg-Harburg,outer_urban,53.426556,10.017539
EMP0426,Ahrensburg,suburban,53.679672,10.304656
EMP0427,Hamburg-City,urban,53.519765,9.993631
EMP0428,Henstedt-Ulzburg,outer_suburban,53.8174,9.92227
EMP0429,Norderstedt,near_workplace,53.710146,10.027173
EMP0430,Ahrensburg,suburban,53.674943,10.275089
EMP0431,Elmshorn,outer_suburban,53.714992,9.615398
EMP0432,Quickborn,suburban,53.755106,9.899301
EMP0433,Pinneberg,suburban,53.634859,9.750365
EMP0434,Henstedt-Ulzburg,outer_suburban,53.809559,9.969918
EMP0435,Norderstedt,near_workplace,53.674641,9.98509
EMP0436,Hamburg-City,urban,53.543259,10.031699
EMP0437,Norderstedt,near_workplace,53.74262,9.989548
EMP0438,Hamburg-Wandsbek,urban,53.616747,10.045581
EMP0439,Quickborn,suburban,53.726552,9.936254
EMP0440,Hamburg-Harburg,outer_urban,53.427746,9.966415
EMP0441,Henstedt-Ulzburg,outer_suburban,53.755079,9.981897
EMP0442,Norderstedt,near_workplace,53.680842,10.023703
EMP0443,Quickborn,suburban,53.718614,9.932311
EMP0444,Hamburg-City,urban,53.562013,10.012591
EMP0445,Hamburg-Altona,urban,53.564214,9.902297
EMP0446,Pinneberg,suburban,53.663897,9.858039
EMP0447,Lueneburg,regional,53.240821,10.410357
EMP0448,Hamburg-Harburg,outer_urban,53.452325,10.012103
EMP0449,Norderstedt,near_workplace,53.696463,9.968495
EMP0450,Hamburg-Harburg,outer_urban,53.469691,9.990037
EMP0451,Norderstedt,near_workplace,53.702374,9.990592
EMP0452,Kaltenkirchen,outer_suburban,53.847328,9.937521
EMP0453,Pinneberg,suburban,53.637803,9.770685
EMP0454,Hamburg-City,urban,53.54206,9.999411
EMP0455,Norderstedt,near_workplace,53.718082,9.940599
EMP0456,Hamburg-City,urban,53.566293,9.995473
EMP0457,Lueneburg,regional,53.274487,10.382317
EMP0458,Hamburg-Wandsbek,urban,53.595219,10.110949
EMP0459,Ahrensburg,suburban,53.656504,10.190807
EMP0460,Hamburg-Harburg,outer_urban,53.424329,9.9398
EMP0461,Hamburg-Barmbek,urban,53.571734,10.045086
EMP0462,Norderstedt,near_workplace,53.685609,10.000205
EMP0463,Elmshorn,outer_suburban,53.755546,9.669123
EMP0464,Hamburg-Altona,urban,53.531794,9.975966
EMP0465,Hamburg-Barmbek,urban,53.609756,10.048069
EMP0466,Pinneberg,suburban,53.639432,9.756971
EMP0467,Pinneberg,suburban,53.665083,9.73827
EMP0468,Elmshorn,outer_suburban,53.750558,9.629277
EMP0469,Norderstedt,near_workplace,53.679352,10.002391
EMP0470,Hamburg-Wandsbek,urban,53.583559,10.098946
EMP0471,Hamburg-Eimsbuettel,urban,53.577913,9.991824
EMP0472,Hamburg-Wandsbek,urban,53.567069,10.099719
EMP0473,Norderstedt,near_workplace,53.722627,9.942712
EMP0474,Norderstedt,near_workplace,53.717456,10.050976
EMP0475,Hamburg-Altona,urban,53.58444,9.941533
EMP0476,Hamburg-Altona,urban,53.553777,9.933019
EMP0477,Hamburg-Wandsbek,urban,53.586925,10.008811
EMP0478,Hamburg-Harburg,outer_urban,53.496847,9.941452
EMP0479,Hamburg-Harburg,outer_urban,53.448031,9.976423
EMP0480,Hamburg-Eimsbuettel,urban,53.588894,9.922809
EMP0481,Hamburg-Eimsbuettel,urban,53.5591,9.933858
EMP0482,Hamburg-City,urban,53.538392,9.983331
EMP0483,Hamburg-Barmbek,urban,53.588445,10.02948
EMP0484,Hamburg-Altona,urban,53.545793,9.879563
EMP0485,Norderstedt,near_workplace,53.681653,10.002482
EMP0486,Hamburg-Eimsbuettel,urban,53.562571,10.004842
EMP0487,Hamburg-Wandsbek,urban,53.580404,10.037467
EMP0488,Hamburg-City,urban,53.558784,10.019009
EMP0489,Hamburg-Barmbek,urban,53.55917,10.055591
EMP0490,Hamburg-Barmbek,urban,53.587545,10.019477
EMP0491,Pinneberg,suburban,53.674839,9.766509
EMP0492,Pinneberg,suburban,53.670889,9.772005
EMP0493,Pinneberg,suburban,53.630328,9.754324
EMP0494,Hamburg-Altona,urban,53.548513,9.985428
EMP0495,Ahrensburg,suburban,53.690683,10.237885
EMP0496,Hamburg-Barmbek,urban,53.610998,10.067001
EMP0497,Hamburg-Wandsbek,urban,53.576874,10.100418
EMP0498,Hamburg-Harburg,outer_urban,53.421362,9.993151
EMP0499,Hamburg-Eimsbuettel,urban,53.570405,9.986492
EMP0500,Hamburg-Wandsbek,urban,53.601677,10.038178
EMP0501,Quickborn,suburban,53.742248,9.868018
EMP0502,Kaltenkirchen,outer_suburban,53.871764,9.944068
EMP0503,Elmshorn,outer_suburban,53.785629,9.700702
EMP0504,Hamburg-Wandsbek,urban,53.566386,10.085225
EMP0505,Hamburg-Barmbek,urban,53.604008,10.080067
EMP0506,Ahrensburg,suburban,53.695749,10.250745
EMP0507,Hamburg-Altona,urban,53.56528,9.966004
EMP0508,Henstedt-Ulzburg,outer_suburban,53.763058,10.012233
EMP0509,Hamburg-Wandsbek,urban,53.581807,10.096648
EMP0510,Norderstedt,near_workplace,53.690419,9.970495
EMP0511,Norderstedt,near_workplace,53.700098,9.978665
EMP0512,Henstedt-Ulzburg,outer_suburban,53.813362,9.987285
EMP0513,Norderstedt,near_workplace,53.685216,10.005305
EMP0514,Hamburg-Altona,urban,53.558193,9.900361
EMP0515,Hamburg-Altona,urban,53.522744,9.926117
EMP0516,Hamburg-City,urban,53.576721,9.999653
EMP0517,Hamburg-Altona,urban,53.536874,9.967584
EMP0518,Quickborn,suburban,53.754761,9.933756
EMP0519,Norderstedt,near_workplace,53.712029,9.991784
EMP0520,Ahrensburg,suburban,53.646516,10.204426
EMP0521,Henstedt-Ulzburg,outer_suburban,53.782327,10.050058
EMP0522,Hamburg-Eimsbuettel,urban,53.553924,9.918671
EMP0523,Norderstedt,near_workplace,53.714363,9.993508
EMP0524,Hamburg-Harburg,outer_urban,53.428659,10.001975
EMP0525,Norderstedt,near_workplace,53.719627,10.023131
EMP0526,Hamburg-Eimsbuettel,urban,53.578405,9.955975
EMP0527,Elmshorn,outer_suburban,53.714478,9.673561
EMP0528,Lueneburg,regional,53.233027,10.460623
EMP0529,Quickborn,suburban,53.753597,9.896228
EMP0530,Hamburg-Altona,urban,53.555575,9.94511
EMP0531,Pinneberg,suburban,53.678684,9.787139
EMP0532,Pinneberg,suburban,53.646794,9.798474
EMP0533,Hamburg-Eimsbuettel,urban,53.547422,9.980135
EMP0534,Pinneberg,suburban,53.619053,9.797978
EMP0535,Norderstedt,near_workplace,53.70558,10.038178
EMP0536,Hamburg-City,urban,53.566424,9.962333
EMP0537,Hamburg-Barmbek,urban,53.583627,10.092292
EMP0538,Hamburg-City,urban,53.530884,10.02189
EMP0539,Hamburg-City,urban,53.566493,9.989851
EMP0540,Henstedt-Ulzburg,outer_suburban,53.78848,9.996746
EMP0541,Lueneburg,regional,53.231324,10.435168
EMP0542,Hamburg-Barmbek,urban,53.583286,10.023531
EMP0543,Henstedt-Ulzburg,outer_suburban,53.780479,9.949146
EMP0544,Lueneburg,regional,53.230664,10.449096
EMP0545,Norderstedt,near_workplace,53.701896,9.954322
EMP0546,Hamburg-Wandsbek,urban,53.556527,10.136919
EMP0547,Hamburg-Eimsbuettel,urban,53.561284,9.945773
EMP0548,Norderstedt,near_workplace,53.724073,9.97407
EMP0549,Quickborn,suburban,53.753587,9.912387
EMP0550,Hamburg-Wandsbek,urban,53.598958,10.109325
EMP0551,Hamburg-Wandsbek,urban,53.583004,10.055867
EMP0552,Norderstedt,near_workplace,53.719215,9.939803
EMP0553,Hamburg-City,urban,53.527282,9.961979
EMP0554,Kaltenkirchen,outer_suburban,53.826821,9.88792
EMP0555,Norderstedt,near_workplace,53.699089,10.015616
EMP0556,Hamburg-City,urban,53.524976,9.988379
EMP0557,Hamburg-Altona,urban,53.562348,9.977704
EMP0558,Hamburg-Wandsbek,urban,53.626515,10.089777
EMP0559,Hamburg-Barmbek,urban,53.588426,10.054521
EMP0560,Hamburg-Wandsbek,urban,53.600466,10.10669
EMP0561,Norderstedt,near_workplace,53.706023,10.005903
EMP0562,Hamburg-City,urban,53.548197,10.019891
EMP0563,Henstedt-Ulzburg,outer_suburban,53.770788,10.016693
EMP0564,Hamburg-Harburg,outer_urban,53.446314,10.019724
EMP0565,Pinneberg,suburban,53.66444,9.804804
EMP0566,Pinneberg,suburban,53.669451,9.855836
EMP0567,Quickborn,suburban,53.763666,9.898613
EMP0568,Norderstedt,near_workplace,53.68073,9.993823
EMP0569,Hamburg-Eimsbuettel,urban,53.56345,9.999423
EMP0570,Hamburg-Barmbek,urban,53.591682,9.995399
EMP0571,Hamburg-Altona,urban,53.568812,9.9106
EMP0572,Henstedt-Ulzburg,outer_suburban,53.795281,9.91591
EMP0573,Hamburg-Wandsbek,urban,53.567707,10.151565
EMP0574,Quickborn,suburban,53.758802,9.935931
EMP0575,Henstedt-Ulzburg,outer_suburban,53.792732,9.960897
EMP0576,Hamburg-Wandsbek,urban,53.578672,10.071637
EMP0577,Kaltenkirchen,outer_suburban,53.842094,9.894304
EMP0578,Hamburg-Barmbek,urban,53.565649,10.014498
EMP0579,Henstedt-Ulzburg,outer_suburban,53.810326,10.00711
EMP0580,Hamburg-Eimsbuettel,urban,53.568825,9.962119
EMP0581,Hamburg-Wandsbek,urban,53.561319,10.095791
EMP0582,Hamburg-Barmbek,urban,53.572937,10.065615
EMP0583,Norderstedt,near_workplace,53.720611,9.973246
EMP0584,Hamburg-Eimsbuettel,urban,53.590561,9.935042
EMP0585,Kaltenkirchen,outer_suburban,53.822004,10.009775
EMP0586,Hamburg-Harburg,outer_urban,53.440133,10.001966
EMP0587,Hamburg-City,urban,53.537062,9.993302
EMP0588,Hamburg-Altona,urban,53.533803,9.971582
EMP0589,Hamburg-City,urban,53.523113,10.022199
EMP0590,Norderstedt,near_workplace,53.705502,10.0549
EMP0591,Elmshorn,outer_suburban,53.76359,9.579835
EMP0592,Hamburg-Wandsbek,urban,53.59223,10.058972
EMP0593,Hamburg-Altona,urban,53.535348,9.930862
EMP0594,Hamburg-Harburg,outer_urban,53.474311,9.930407
EMP0595,Norderstedt,near_workplace,53.704067,10.053489
EMP0596,Hamburg-Altona,urban,53.570277,9.96516
EMP0597,Pinneberg,suburban,53.65722,9.782678
EMP0598,Hamburg-Harburg,outer_urban,53.426764,9.94358
EMP0599,Lueneburg,regional,53.276381,10.43618
EMP0600,Hamburg-Harburg,outer_urban,53.458029,10.044511
EMP0601,Hamburg-Wandsbek,urban,53.615333,10.133134
EMP0602,Quickborn,suburban,53.741263,9.885865
EMP0603,Kaltenkirchen,outer_suburban,53.82166,10.014426
EMP0604,Quickborn,suburban,53.724221,9.862287
EMP0605,Bad Oldesloe,regional,53.818266,10.392427
EMP0606,Ahrensburg,suburban,53.702357,10.239932
EMP0607,Henstedt-Ulzburg,outer_suburban,53.812776,9.945975
EMP0608,Norderstedt,near_workplace,53.71643,9.986546
EMP0609,Quickborn,suburban,53.755204,9.940567
EMP0610,Hamburg-Wandsbek,urban,53.607207,10.06951
EMP0611,Hamburg-Barmbek,urban,53.575983,10.072211
EMP0612,Pinneberg,suburban,53.643723,9.813994
EMP0613,Bad Oldesloe,regional,53.827384,10.353404
EMP0614,Lueneburg,regional,53.243762,10.395257
EMP0615,Hamburg-Altona,urban,53.578277,9.946823
EMP0616,Quickborn,suburban,53.71352,9.943801
EMP0617,Quickborn,suburban,53.758169,9.935066
EMP0618,Hamburg-Eimsbuettel,urban,53.574125,9.906793
EMP0619,Norderstedt,near_workplace,53.720342,10.021049
EMP0620,Norderstedt,near_workplace,53.689121,10.027843
EMP0621,Quickborn,suburban,53.726425,9.916353
EMP0622,Hamburg-Wandsbek,urban,53.56786,10.111391
EMP0623,Lueneburg,regional,53.231928,10.435949
EMP0624,Hamburg-Wandsbek,urban,53.580636,10.143212
EMP0625,Bad Oldesloe,regional,53.79282,10.40008
EMP0626,Hamburg-Eimsbuettel,urban,53.547324,9.946636
EMP0627,Ahrensburg,suburban,53.6525,10.276181
EMP0628,Norderstedt,near_workplace,53.732451,9.98573
EMP0629,Hamburg-Barmbek,urban,53.612699,10.018591
EMP0630,Ahrensburg,suburban,53.699769,10.256167
EMP0631,Elmshorn,outer_suburban,53.739724,9.581277
EMP0632,Ahrensburg,suburban,53.663071,10.24539
EMP0633,Norderstedt,near_workplace,53.695141,9.986773
EMP0634,Hamburg-Eimsbuettel,urban,53.574615,9.918665
EMP0635,Norderstedt,near_workplace,53.701417,9.939024
EMP0636,Norderstedt,near_workplace,53.687559,9.960485
EMP0637,Pinneberg,suburban,53.660068,9.736233
EMP0638,Quickborn,suburban,53.733678,9.893478
EMP0639,Quickborn,suburban,53.713275,9.892205
EMP0640,Henstedt-Ulzburg,outer_suburban,53.814181,9.936775
EMP0641,Quickborn,suburban,53.715294,9.914695
EMP0642,Ahrensburg,suburban,53.656953,10.288664
EMP0643,Norderstedt,near_workplace,53.710118,10.012864
EMP0644,Hamburg-City,urban,53.575122,9.959397
EMP0645,Hamburg-Harburg,outer_urban,53.467556,10.021886
EMP0646,Henstedt-Ulzburg,outer_suburban,53.828325,9.972797
EMP0647,Norderstedt,near_workplace,53.691642,9.973391
EMP0648,Hamburg-Wandsbek,urban,53.58058,10.097672
EMP0649,Pinneberg,suburban,53.657865,9.784915
EMP0650,Norderstedt,near_workplace,53.737764,9.996587
EMP0651,Hamburg-Eimsbuettel,urban,53.600422,9.941917
EMP0652,Kaltenkirchen,outer_suburban,53.806093,9.971433
EMP0653,Pinneberg,suburban,53.637736,9.814225
EMP0654,Hamburg-City,urban,53.527658,9.988283
EMP0655,Henstedt-Ulzburg,outer_suburban,53.756177,9.9422
EMP0656,Hamburg-Eimsbuettel,urban,53.583244,9.956033
EMP0657,Henstedt-Ulzburg,outer_suburban,53.776662,10.005485
EMP0658,Hamburg-Altona,urban,53.538436,9.961053
EMP0659,Hamburg-Harburg,outer_urban,53.477978,10.041837
EMP0660,Hamburg-Eimsbuettel,urban,53.544177,9.957687
EMP0661,Hamburg-Altona,urban,53.559131,9.938192
EMP0662,Kaltenkirchen,outer_suburban,53.826523,9.97435
EMP0663,Hamburg-City,urban,53.548241,10.053738
EMP0664,Norderstedt,near_workplace,53.71109,10.021202
EMP0665,Hamburg-Eimsbuettel,urban,53.554488,9.939773
EMP0666,Quickborn,suburban,53.709647,9.883898
EMP0667,Ahrensburg,suburban,53.682,10.217429
EMP0668,Lueneburg,regional,53.213312,10.44119
EMP0669,Hamburg-Altona,urban,53.564819,9.907843
EMP0670,Hamburg-Eimsbuettel,urban,53.566849,9.950734
EMP0671,Norderstedt,near_workplace,53.711548,10.009043
EMP0672,Hamburg-Barmbek,urban,53.586656,10.015764
EMP0673,Lueneburg,regional,53.245094,10.394865
EMP0674,Pinneberg,suburban,53.683075,9.751461
EMP0675,Hamburg-Harburg,outer_urban,53.465887,9.989182
EMP0676,Hamburg-Eimsbuettel,urban,53.60173,9.973493
EMP0677,Kaltenkirchen,outer_suburban,53.840201,10.018263
EMP0678,Hamburg-Wandsbek,urban,53.547361,10.113552
EMP0679,Norderstedt,near_workplace,53.681564,9.998002
EMP0680,Hamburg-Eimsbuettel,urban,53.586589,9.955091
EMP0681,Norderstedt,near_workplace,53.710981,9.982893
EMP0682,Hamburg-City,urban,53.517508,10.001693
EMP0683,Norderstedt,near_workplace,53.69185,9.951588
EMP0684,Hamburg-Wandsbek,urban,53.580864,10.132219
EMP0685,Hamburg-Harburg,outer_urban,53.438248,10.02362
EMP0686,Hamburg-Eimsbuettel,urban,53.556877,9.963638
EMP0687,Hamburg-Wandsbek,urban,53.575594,10.119018
EMP0688,Elmshorn,outer_suburban,53.742461,9.675123
EMP0689,Quickborn,suburban,53.74841,9.867976
EMP0690,Hamburg-Barmbek,urban,53.606519,10.076968
EMP0691,Hamburg-Altona,urban,53.560114,9.910832
EMP0692,Kaltenkirchen,outer_suburban,53.839445,9.967749
EMP0693,Hamburg-City,urban,53.581186,10.009192
EMP0694,Hamburg-Altona,urban,53.557609,9.933967
EMP0695,Kaltenkirchen,outer_suburban,53.836854,9.941538
EMP0696,Hamburg-Barmbek,urban,53.56605,10.018729
EMP0697,Quickborn,suburban,53.726613,9.906928
EMP0698,Hamburg-Harburg,outer_urban,53.422938,9.940587
EMP0699,Pinneberg,suburban,53.658156,9.828746
EMP0700,Hamburg-Altona,urban,53.569115,9.966743
EMP0701,Hamburg-City,urban,53.524736,9.962949
EMP0702,Hamburg-Altona,urban,53.550657,9.877708
EMP0703,Norderstedt,near_workplace,53.713152,9.966566
EMP0704,Henstedt-Ulzburg,outer_suburban,53.767933,9.969698
EMP0705,Hamburg-Altona,urban,53.533282,9.986349
EMP0706,Hamburg-Barmbek,urban,53.576083,9.996286
EMP0707,Ahrensburg,suburban,53.649239,10.265019
EMP0708,Ahrensburg,suburban,53.661765,10.241813
EMP0709,Hamburg-Wandsbek,urban,53.586031,10.138224
EMP0710,Hamburg-Wandsbek,urban,53.622936,10.113383
EMP0711,Lueneburg,regional,53.261275,10.437512
EMP0712,Pinneberg,suburban,53.660213,9.777799
EMP0713,Ahrensburg,suburban,53.702975,10.205814
EMP0714,Kaltenkirchen,outer_suburban,53.871038,9.988536
EMP0715,Ahrensburg,suburban,53.651113,10.196168
EMP0716,Hamburg-City,urban,53.56551,9.948372
EMP0717,Hamburg-Barmbek,urban,53.573656,10.028453
EMP0718,Norderstedt,near_workplace,53.695534,9.938682
EMP0719,Pinneberg,suburban,53.630828,9.769858
EMP0720,Elmshorn,outer_suburban,53.717848,9.678495
EMP0721,Hamburg-Wandsbek,urban,53.601338,10.082855
EMP0722,Hamburg-Wandsbek,urban,53.593047,10.136556
EMP0723,Norderstedt,near_workplace,53.679942,10.000374
EMP0724,Elmshorn,outer_suburban,53.78129,9.667701
EMP0725,Norderstedt,near_workplace,53.683096,9.971804
EMP0726,Norderstedt,near_workplace,53.690183,9.951846
EMP0727,Hamburg-City,urban,53.530921,9.951821
EMP0728,Norderstedt,near_workplace,53.68829,9.963486
EMP0729,Hamburg-Wandsbek,urban,53.572044,10.068363
EMP0730,Hamburg-Wandsbek,urban,53.578557,10.137822
EMP0731,Hamburg-Altona,urban,53.570731,9.899213
EMP0732,Norderstedt,near_workplace,53.730378,10.020207
EMP0733,Norderstedt,near_workplace,53.712454,10.046339
EMP0734,Hamburg-Eimsbuettel,urban,53.585758,9.920339
EMP0735,Norderstedt,near_workplace,53.689392,9.975763
EMP0736,Pinneberg,suburban,53.623443,9.820071
EMP0737,Hamburg-City,urban,53.546765,9.950584
EMP0738,Hamburg-Altona,urban,53.544529,9.945027
EMP0739,Hamburg-Eimsbuettel,urban,53.583027,9.974754
EMP0740,Hamburg-Eimsbuettel,urban,53.552957,9.993355
EMP0741,Norderstedt,near_workplace,53.689546,9.994045
EMP0742,Norderstedt,near_workplace,53.723501,10.016835
EMP0743,Henstedt-Ulzburg,outer_suburban,53.802194,9.940758
EMP0744,Norderstedt,near_workplace,53.71155,9.940999
EMP0745,Hamburg-Wandsbek,urban,53.610262,10.121268
EMP0746,Hamburg-Wandsbek,urban,53.610927,10.071069
EMP0747,Hamburg-Altona,urban,53.582868,9.953339
EMP0748,Hamburg-Wandsbek,urban,53.607534,10.046698
EMP0749,Ahrensburg,suburban,53.657342,10.229845
EMP0750,Henstedt-Ulzburg,outer_suburban,53.804443,9.935202
EMP0751,Hamburg-Altona,urban,53.57911,9.94559
EMP0752,Hamburg-Altona,urban,53.581239,9.918097
EMP0753,Hamburg-City,urban,53.549685,10.007503
EMP0754,Hamburg-Wandsbek,urban,53.623878,10.056412
EMP0755,Pinneberg,suburban,53.62718,9.78791
EMP0756,Hamburg-City,urban,53.528394,10.00285
EMP0757,Hamburg-Altona,urban,53.558198,9.947867
EMP0758,Elmshorn,outer_suburban,53.758462,9.722276
EMP0759,Norderstedt,near_workplace,53.717445,10.017997
EMP0760,Hamburg-Wandsbek,urban,53.563374,10.072716
EMP0761,Quickborn,suburban,53.743029,9.941086
EMP0762,Norderstedt,near_workplace,53.68773,10.030511
EMP0763,Norderstedt,near_workplace,53.718926,9.982602
EMP0764,Norderstedt,near_workplace,53.736294,9.965071
EMP0765,Kaltenkirchen,outer_suburban,53.854062,9.908684
EMP0766,Norderstedt,near_workplace,53.686016,9.961647
EMP0767,Hamburg-City,urban,53.54941,9.986451
EMP0768,Norderstedt,near_workplace,53.733626,9.982874
EMP0769,Norderstedt,near_workplace,53.711348,9.958334
EMP0770,Hamburg-Harburg,outer_urban,53.492063,9.987203
EMP0771,Hamburg-City,urban,53.527303,9.991889
EMP0772,Hamburg-Barmbek,urban,53.580579,10.066443
EMP0773,Hamburg-Harburg,outer_urban,53.432818,9.975019
EMP0774,Henstedt-Ulzburg,outer_suburban,53.809398,9.978045
EMP0775,Norderstedt,near_workplace,53.698718,10.024896
EMP0776,Henstedt-Ulzburg,outer_suburban,53.760342,9.969518
EMP0777,Hamburg-Harburg,outer_urban,53.432817,9.925092
EMP0778,Hamburg-City,urban,53.544516,10.042954
EMP0779,Quickborn,suburban,53.747231,9.906889
EMP0780,Henstedt-Ulzburg,outer_suburban,53.783275,9.987034
EMP0781,Hamburg-City,urban,53.52917,9.96004
EMP0782,Kaltenkirchen,outer_suburban,53.836335,9.907146
EMP0783,Hamburg-Wandsbek,urban,53.560786,10.054283
EMP0784,Hamburg-Harburg,outer_urban,53.473765,9.989131
EMP0785,Lueneburg,regional,53.221736,10.351877
EMP0786,Hamburg-Eimsbuettel,urban,53.597829,9.960431
EMP0787,Ahrensburg,suburban,53.675234,10.177772
EMP0788,Hamburg-Altona,urban,53.522764,9.921617
EMP0789,Ahrensburg,suburban,53.662656,10.180091
EMP0790,Hamburg-Harburg,outer_urban,53.491171,10.033601
EMP0791,Hamburg-City,urban,53.583613,10.002727
EMP0792,Hamburg-Eimsbuettel,urban,53.586725,9.967363
EMP0793,Hamburg-Altona,urban,53.574039,9.93599
EMP0794,Norderstedt,near_workplace,53.699577,10.016401
EMP0795,Norderstedt,near_workplace,53.685212,10.006682
EMP0796,Hamburg-Eimsbuettel,urban,53.5777,9.906623
EMP0797,Norderstedt,near_workplace,53.699696,9.977426
EMP0798,Hamburg-City,urban,53.541411,10.049326
EMP0799,Quickborn,suburban,53.748505,9.922557
EMP0800,Pinneberg,suburban,53.695977,9.775424
EMP0801,Quickborn,suburban,53.704025,9.928345
EMP0802,Hamburg-Altona,urban,53.519868,9.949133
EMP0803,Kaltenkirchen,outer_suburban,53.853767,9.967714
EMP0804,Hamburg-Harburg,outer_urban,53.443634,9.95901
EMP0805,Norderstedt,near_workplace,53.69625,9.963823
EMP0806,Norderstedt,near_workplace,53.731688,9.958988
EMP0807,Pinneberg,suburban,53.623395,9.801706
EMP0808,Hamburg-City,urban,53.547745,10.035968
EMP0809,Hamburg-Wandsbek,urban,53.596842,10.149904
EMP0810,Lueneburg,regional,53.265959,10.349902
EMP0811,Norderstedt,near_workplace,53.732347,9.953491
EMP0812,Norderstedt,near_workplace,53.71172,10.053225
EMP0813,Lueneburg,regional,53.220603,10.392829
EMP0814,Hamburg-Barmbek,urban,53.571856,10.032486
EMP0815,Norderstedt,near_workplace,53.702754,10.024034
EMP0816,Kaltenkirchen,outer_suburban,53.864579,9.988631
EMP0817,Kaltenkirchen,outer_suburban,53.864229,9.922721
EMP0818,Hamburg-Barmbek,urban,53.568536,10.03943
EMP0819,Hamburg-Harburg,outer_urban,53.439907,9.990677
EMP0820,Hamburg-Altona,urban,53.557101,9.910772
EMP0821,Norderstedt,near_workplace,53.70046,9.943089
EMP0822,Hamburg-Harburg,outer_urban,53.422701,9.951145
EMP0823,Hamburg-Altona,urban,53.541369,9.990067
EMP0824,Pinneberg,suburban,53.654326,9.738369
EMP0825,Henstedt-Ulzburg,outer_suburban,53.769811,9.923713
EMP0826,Norderstedt,near_workplace,53.730337,9.993289
EMP0827,Hamburg-Harburg,outer_urban,53.475193,9.92291
EMP0828,Hamburg-City,urban,53.517915,10.010742
EMP0829,Henstedt-Ulzburg,outer_suburban,53.76431,10.019307
EMP0830,Hamburg-City,urban,53.564567,10.011499
EMP0831,Hamburg-Harburg,outer_urban,53.475304,9.942886
EMP0832,Hamburg-Barmbek,urban,53.576699,10.060267
EMP0833,Hamburg-Eimsbuettel,urban,53.546134,9.959012
EMP0834,Pinneberg,suburban,53.667489,9.787912
EMP0835,Quickborn,suburban,53.707039,9.883139
EMP0836,Hamburg-Barmbek,urban,53.573119,10.020626
EMP0837,Quickborn,suburban,53.709098,9.926882
EMP0838,Lueneburg,regional,53.219256,10.387746
EMP0839,Hamburg-Eimsbuettel,urban,53.54632,9.964862
EMP0840,Hamburg-Wandsbek,urban,53.58258,10.038983
EMP0841,Norderstedt,near_workplace,53.717403,9.941567
EMP0842,Ahrensburg,suburban,53.692636,10.282928
EMP0843,Hamburg-Barmbek,urban,53.583034,10.088552
EMP0844,Hamburg-Eimsbuettel,urban,53.576219,9.999904
EMP0845,Norderstedt,near_workplace,53.706171,10.038504
EMP0846,Kaltenkirchen,outer_suburban,53.86338,9.947053
EMP0847,Hamburg-Eimsbuettel,urban,53.596653,9.91937
EMP0848,Pinneberg,suburban,53.670664,9.77928
EMP0849,Norderstedt,near_workplace,53.709739,9.985113
EMP0850,Bad Oldesloe,regional,53.781358,10.413806
EMP0851,Hamburg-City,urban,53.541226,9.952666
EMP0852,Hamburg-City,urban,53.526355,10.029109
EMP0853,Henstedt-Ulzburg,outer_suburban,53.78325,9.933488
EMP0854,Kaltenkirchen,outer_suburban,53.853856,9.93911
EMP0855,Hamburg-City,urban,53.564956,10.036373
EMP0856,Hamburg-Wandsbek,urban,53.605353,10.076695
EMP0857,Quickborn,suburban,53.729028,9.92475
EMP0858,Henstedt-Ulzburg,outer_suburban,53.80472,9.956126
EMP0859,Hamburg-Eimsbuettel,urban,53.543019,9.955444
EMP0860,Hamburg-Wandsbek,urban,53.616805,10.087614
EMP0861,Quickborn,suburban,53.696715,9.897778
EMP0862,Quickborn,suburban,53.714819,9.932789
EMP0863,Ahrensburg,suburban,53.692205,10.291247
EMP0864,Hamburg-Barmbek,urban,53.591522,10.024827
EMP0865,Norderstedt,near_workplace,53.680297,10.030698
EMP0866,Kaltenkirchen,outer_suburban,53.861618,9.96271
EMP0867,Henstedt-Ulzburg,outer_suburban,53.766505,9.969059
EMP0868,Ahrensburg,suburban,53.671203,10.285975
EMP0869,Norderstedt,near_workplace,53.717939,10.035268
EMP0870,Hamburg-City,urban,53.543755,9.949386
EMP0871,Quickborn,suburban,53.756607,9.93291
EMP0872,Norderstedt,near_workplace,53.721311,10.042436
EMP0873,Bad Oldesloe,regional,53.788039,10.420668
EMP0874,Hamburg-Eimsbuettel,urban,53.578096,9.978582
EMP0875,Quickborn,suburban,53.722461,9.902207
EMP0876,Kaltenkirchen,outer_suburban,53.842925,10.026173
EMP0877,Hamburg-Eimsbuettel,urban,53.579077,9.943625
EMP0878,Hamburg-Altona,urban,53.573745,9.898439
EMP0879,Hamburg-Harburg,outer_urban,53.485715,9.936823
EMP0880,Hamburg-Barmbek,urban,53.578519,10.009795
EMP0881,Hamburg-Eimsbuettel,urban,53.557063,9.914795
EMP0882,Hamburg-Harburg,outer_urban,53.480429,10.008102
EMP0883,Elmshorn,outer_suburban,53.793325,9.68556
EMP0884,Hamburg-Wandsbek,urban,53.54845,10.104324
EMP0885,Hamburg-City,urban,53.570535,9.942946
EMP0886,Hamburg-Eimsbuettel,urban,53.58924,9.996873
EMP0887,Hamburg-Eimsbuettel,urban,53.579699,9.948871
EMP0888,Norderstedt,near_workplace,53.707552,9.958752
EMP0889,Hamburg-City,urban,53.53573,9.958744
EMP0890,Pinneberg,suburban,53.658088,9.82411
EMP0891,Hamburg-Altona,urban,53.558594,9.948071
EMP0892,Elmshorn,outer_suburban,53.736695,9.618605
EMP0893,Hamburg-City,urban,53.557338,10.043049
EMP0894,Norderstedt,near_workplace,53.696774,9.95377
EMP0895,Quickborn,suburban,53.749529,9.886972
EMP0896,Kaltenkirchen,outer_suburban,53.843343,9.944047
EMP0897,Hamburg-Altona,urban,53.547712,9.87482
EMP0898,Hamburg-City,urban,53.566749,9.955767
EMP0899,Hamburg-City,urban,53.536123,9.967926
EMP0900,Hamburg-Barmbek,urban,53.577135,10.001876
EMP0901,Hamburg-Wandsbek,urban,53.614909,10.082707
EMP0902,Hamburg-City,urban,53.576879,10.011292
EMP0903,Norderstedt,near_workplace,53.720071,10.015483
EMP0904,Hamburg-Wandsbek,urban,53.565005,10.140389
EMP0905,Elmshorn,outer_suburban,53.761409,9.681373
EMP0906,Pinneberg,suburban,53.695382,9.816822
EMP0907,Hamburg-Wandsbek,urban,53.580171,10.06908
EMP0908,Norderstedt,near_workplace,53.73351,10.003047
EMP0909,Hamburg-City,urban,53.545449,10.03958
EMP0910,Hamburg-Altona,urban,53.518255,9.95828
EMP0911,Quickborn,suburban,53.722011,9.950788
EMP0912,Henstedt-Ulzburg,outer_suburban,53.832524,10.008836
EMP0913,Kaltenkirchen,outer_suburban,53.875442,9.954085
EMP0914,Lueneburg,regional,53.226375,10.421656
EMP0915,Lueneburg,regional,53.261796,10.354321
EMP0916,Elmshorn,outer_suburban,53.759304,9.703383
EMP0917,Norderstedt,near_workplace,53.675132,10.007819
EMP0918,Norderstedt,near_workplace,53.69533,9.950333
EMP0919,Hamburg-Altona,urban,53.538968,9.9095
EMP0920,Hamburg-Barmbek,urban,53.584335,10.052191
EMP0921,Norderstedt,near_workplace,53.712455,9.956013
EMP0922,Henstedt-Ulzburg,outer_suburban,53.770347,9.998292
EMP0923,Hamburg-Harburg,outer_urban,53.468709,10.039131
EMP0924,Hamburg-Barmbek,urban,53.589874,10.05738
EMP0925,Hamburg-City,urban,53.553527,9.956708
EMP0926,Hamburg-City,urban,53.533824,10.020926
EMP0927,Hamburg-City,urban,53.559212,9.962173
EMP0928,Henstedt-Ulzburg,outer_suburban,53.793204,9.910182
EMP0929,Hamburg-Barmbek,urban,53.577995,10.01443
EMP0930,Quickborn,suburban,53.728661,9.860786
EMP0931,Hamburg-Altona,urban,53.527567,9.957514
EMP0932,Hamburg-Eimsbuettel,urban,53.570197,9.972117
EMP0933,Hamburg-Eimsbuettel,urban,53.564854,9.966028
EMP0934,Quickborn,suburban,53.706254,9.926251
EMP0935,Quickborn,suburban,53.735219,9.897111
EMP0936,Hamburg-City,urban,53.533481,9.965335
EMP0937,Elmshorn,outer_suburban,53.77632,9.657832
EMP0938,Norderstedt,near_workplace,53.71934,10.014207
EMP0939,Kaltenkirchen,outer_suburban,53.832612,10.009783
EMP0940,Norderstedt,near_workplace,53.705885,9.994652
EMP0941,Hamburg-Altona,urban,53.555797,9.950781
EMP0942,Henstedt-Ulzburg,outer_suburban,53.766408,9.970568
EMP0943,Hamburg-City,urban,53.534906,9.985146
EMP0944,Hamburg-Eimsbuettel,urban,53.604639,9.964313
EMP0945,Hamburg-Wandsbek,urban,53.59577,10.100304
EMP0946,Hamburg-City,urban,53.572704,10.041532
EMP0947,Quickborn,suburban,53.708197,9.869939
EMP0948,Henstedt-Ulzburg,outer_suburban,53.804349,9.982107
EMP0949,Henstedt-Ulzburg,outer_suburban,53.811085,9.978505
EMP0950,Hamburg-Altona,urban,53.533286,9.907541
EMP0951,Hamburg-Barmbek,urban,53.566308,10.078153
EMP0952,Hamburg-City,urban,53.572391,10.042526
EMP0953,Hamburg-City,urban,53.530051,10.02734
EMP0954,Hamburg-City,urban,53.559573,9.990784
EMP0955,Elmshorn,outer_suburban,53.784034,9.626253
EMP0956,Kaltenkirchen,outer_suburban,53.832083,9.933718
EMP0957,Quickborn,suburban,53.700074,9.89159
EMP0958,Hamburg-Wandsbek,urban,53.566232,10.091409
EMP0959,Hamburg-Wandsbek,urban,53.584838,10.153388
EMP0960,Hamburg-Barmbek,urban,53.614927,10.053611
EMP0961,Hamburg-Barmbek,urban,53.591728,10.043982
EMP0962,Hamburg-Wandsbek,urban,53.602912,10.13612
EMP0963,Norderstedt,near_workplace,53.732732,10.012209
EMP0964,Norderstedt,near_workplace,53.695865,9.952268
EMP0965,Elmshorn,outer_suburban,53.729093,9.700671
EMP0966,Hamburg-Wandsbek,urban,53.566273,10.063993
EMP0967,Elmshorn,outer_suburban,53.714983,9.625357
EMP0968,Hamburg-City,urban,53.538746,9.957597
EMP0969,Hamburg-Barmbek,urban,53.584982,10.05802
EMP0970,Hamburg-City,urban,53.551229,10.000112
EMP0971,Hamburg-City,urban,53.568038,9.991299
EMP0972,Norderstedt,near_workplace,53.712867,9.972047
EMP0973,Norderstedt,near_workplace,53.702116,10.0335
EMP0974,Kaltenkirchen,outer_suburban,53.818862,10.022888
EMP0975,Hamburg-Altona,urban,53.58253,9.920093
EMP0976,Hamburg-Harburg,outer_urban,53.482606,10.03781
EMP0977,Hamburg-Wandsbek,urban,53.609051,10.141413
EMP0978,Hamburg-Eimsbuettel,urban,53.556227,9.953047
EMP0979,Hamburg-Barmbek,urban,53.59089,10.048815
EMP0980,Hamburg-City,urban,53.551544,10.051685
EMP0981,Lueneburg,regional,53.25998,10.34311
EMP0982,Ahrensburg,suburban,53.700151,10.27116
EMP0983,Quickborn,suburban,53.727807,9.946838
EMP0984,Hamburg-Wandsbek,urban,53.573027,10.119804
EMP0985,Norderstedt,near_workplace,53.693202,9.983335
EMP0986,Elmshorn,outer_suburban,53.718342,9.664845
EMP0987,Hamburg-Eimsbuettel,urban,53.595474,9.99344
EMP0988,Norderstedt,near_workplace,53.674398,9.993018
EMP0989,Hamburg-Eimsbuettel,urban,53.559315,9.919666
EMP0990,Ahrensburg,suburban,53.66699,10.177422
EMP0991,Hamburg-Harburg,outer_urban,53.442041,9.956873
EMP0992,Quickborn,suburban,53.75175,9.929759
EMP0993,Ahrensburg,suburban,53.693208,10.253613
EMP0994,Hamburg-City,urban,53.575879,10.010428
EMP0995,Elmshorn,outer_suburban,53.772794,9.703324
EMP0996,Hamburg-Wandsbek,urban,53.593671,10.016766
EMP0997,Hamburg-Harburg,outer_urban,53.447803,10.035178
EMP0998,Norderstedt,near_workplace,53.684136,9.978855
EMP0999,Lueneburg,regional,53.235407,10.385448
EMP1000,Hamburg-Altona,urban,53.56119,9.93253
